GENE,CHROM,START,REF,ALT,DONORS
CTSZ,20,58995684,G,A,1
CTSZ,20,58996631,A,G,1
EFEMP2,11,65867032,G,A,1
EFEMP2,11,65868358,G,A,1
EFEMP2,11,65868377,G,A,1
EFEMP2,11,65869866,G,A,1
EFEMP2,11,65870123,C,G,1
EFEMP2,11,65870542,C,T,1
EFEMP2,11,65870551,G,A,1
EFEMP2,11,65871221,G,A,1
ITGA5,12,54396252,G,A,1
ITGA5,12,54397373,G,A,1
ITGA5,12,54397463,G,A,1
ITGA5,12,54398628,G,A,1
ITGA5,12,54398633,C,T,1
ITGA5,12,54398663,G,A,1
ITGA5,12,54399758,C,T,1
ITGA5,12,54399882,G,A,1
ITGA5,12,54399928,G,A,1
ITGA5,12,54400891,C,A,1
ITGA5,12,54400893,C,T,1
ITGA5,12,54400980,G,A,1
ITGA5,12,54401821,G,A,1
ITGA5,12,54401827,G,A,2
ITGA5,12,54402277,G,A,1
ITGA5,12,54403001,G,A,1
ITGA5,12,54403014,G,A,1
ITGA5,12,54403669,C,T,1
ITGA5,12,54403933,C,T,1
ITGA5,12,54404158,C,T,1
ITGA5,12,54404705,G,A,1
ITGA5,12,54404710,C,T,1
ITGA5,12,54404720,C,T,1
ITGA5,12,54404734,C,T,1
ITGA5,12,54404735,C,T,1
ITGA5,12,54404738,G,A,1
ITGA5,12,54405181,G,A,1
ITGA5,12,54405190,C,T,1
ITGA5,12,54405218,C,T,1
ITGA5,12,54405231,C,T,1
ITGA5,12,54405249,G,A,1
ITGA5,12,54405250,G,A,1
ITGA5,12,54405299,C,T,1
ITGA5,12,54405315,G,A,1
ITGA5,12,54405337,C,T,1
ITGA5,12,54405874,C,A,1
ITGA5,12,54405874,C,T,1
ITGA5,12,54408144,C,G,1
ITGA5,12,54408176,C,T,1
ITGA5,12,54408227,G,A,1
ITGA5,12,54408772,C,T,1
ITGA5,12,54408931,C,T,1
ITGA5,12,54409248,T,C,1
ITGA5,12,54409507,G,A,1
ITGA5,12,54411946,C,T,1
KDELR2,7,6463035,G,A,1
KDELR2,7,6463048,G,A,1
KDELR2,7,6466237,G,A,1
KDELR2,7,6483973,G,A,1
MDK,11,46383481,G,A,1
MICALL2,7,1434667,G,A,1
MICALL2,7,1438836,G,A,1
MICALL2,7,1438920,G,A,2
MICALL2,7,1438942,G,A,1
MICALL2,7,1438953,G,A,1
MICALL2,7,1438985,G,A,1
MICALL2,7,1440009,G,A,1
MICALL2,7,1440588,A,G,1
MICALL2,7,1440628,C,T,1
MICALL2,7,1442367,G,A,1
MICALL2,7,1442379,A,G,1
MICALL2,7,1442419,G,A,2
MICALL2,7,1444760,G,A,1
MICALL2,7,1444839,G,A,1
MICALL2,7,1445237,C,T,1
MICALL2,7,1445253,G,A,1
MICALL2,7,1445361,G,A,1
MICALL2,7,1448631,C,T,1
MICALL2,7,1450369,C,T,1
MICALL2,7,1450375,G,A,1
MICALL2,7,1450391,G,A,1
MICALL2,7,1450397,G,A,1
MICALL2,7,1459190,C,T,1
MAP2K3,17,21300886,C,T,1
MAP2K3,17,21300926,G,A,1
MAP2K3,17,21300927,G,A,1
MAP2K3,17,21303184,C,T,1
MAP2K3,17,21312176,C,T,1
MAP2K3,17,21312242,C,T,1
MAP2K3,17,21312243,C,T,1
PLAUR,19,43648833,G,A,1
PLAUR,19,43648897,A,C,1
PLAUR,19,43648996,G,A,1
PLAUR,19,43655531,G,A,1
PLAUR,19,43655547,G,A,1
PLAUR,19,43656562,C,T,1
PLAUR,19,43656563,C,A,1
PLAUR,19,43665317,G,A,1
PLAUR,19,43667611,G,A,1
SERPINE1,7,101128617,A,C,1
SERPINE1,7,101131955,G,A,1
SERPINE1,7,101131975,C,T,1
SERPINE1,7,101133786,G,A,1
SERPINE1,7,101133808,C,T,1
SERPINE1,7,101133836,C,T,1
SERPINE1,7,101135522,G,A,1
SERPINE1,7,101137017,C,T,1
SERPINE1,7,101137032,G,A,1
SERPINE1,7,101137488,G,A,1
SERPINE1,7,101137489,G,A,1
SOCS3,17,78358471,G,A,1
SOCS3,17,78358666,G,A,1
SOCS3,17,78358678,T,A,1
SOCS3,17,78358801,C,T,1
SOCS3,17,78358874,G,A,1
